,loss,accuracy,val_loss,val_accuracy
0,8.895588874816895,0.09827563911676407,15.530041694641113,0.02850356325507164
1,6.9451141357421875,0.17690637707710266,2.8855092525482178,0.18574821949005127
