,loss,accuracy,val_loss,val_accuracy
0,9.099823951721191,0.08379103243350983,25.01671600341797,0.027790972962975502
1,6.811415195465088,0.19248946011066437,2.0585200786590576,0.39152809977531433
